{
  "rows" : [ {
    "index" : 0,
    "text-annotations" : [ {
      "name" : "Main folder",
      "value" : "data"
    }, {
      "name" : "#Filename",
      "value" : "blobs"
    }, {
      "name" : "Last modified",
      "value" : "2022-09-29T18:37:11Z"
    }, {
      "name" : "Parent",
      "value" : "/home/rgerst/Dokumente/2022/Papers/JIPipe/NatureMethods_MS/Tutorials/B22-1"
    }, {
      "name" : "Size",
      "value" : "20988"
    }, {
      "name" : "Subfolder name",
      "value" : "data"
    }, {
      "name" : "Threshold",
      "value" : "116.0"
    } ],
    "data-annotations" : [ ],
    "true-data-type" : "imagej-results-table"
  }, {
    "index" : 1,
    "text-annotations" : [ {
      "name" : "Main folder",
      "value" : "data"
    }, {
      "name" : "#Filename",
      "value" : "blobs"
    }, {
      "name" : "Last modified",
      "value" : "2022-09-29T18:37:11Z"
    }, {
      "name" : "Parent",
      "value" : "/home/rgerst/Dokumente/2022/Papers/JIPipe/NatureMethods_MS/Tutorials/B22-1"
    }, {
      "name" : "Size",
      "value" : "20988"
    }, {
      "name" : "Subfolder name",
      "value" : "data"
    }, {
      "name" : "Threshold",
      "value" : "116.0"
    } ],
    "data-annotations" : [ ],
    "true-data-type" : "imagej-results-table"
  }, {
    "index" : 2,
    "text-annotations" : [ {
      "name" : "Main folder",
      "value" : "data"
    }, {
      "name" : "#Filename",
      "value" : "blobs"
    }, {
      "name" : "Last modified",
      "value" : "2022-09-29T18:37:11Z"
    }, {
      "name" : "Parent",
      "value" : "/home/rgerst/Dokumente/2022/Papers/JIPipe/NatureMethods_MS/Tutorials/B22-1"
    }, {
      "name" : "Size",
      "value" : "20988"
    }, {
      "name" : "Subfolder name",
      "value" : "data"
    }, {
      "name" : "Threshold",
      "value" : "116.0"
    } ],
    "data-annotations" : [ ],
    "true-data-type" : "imagej-imgplus-color-rgb"
  } ],
  "data-type" : "jipipe:data",
  "jipipe:data-table-format-version" : 1
}