[ {
  "name" : "Import images",
  "description" : "<html>\n  <head>\n    \n  </head>\n  <body>\n    <p>\n      A group to read in the folder and subfolder structure, annotate them, \n      and import the images. The input is the top folder, the output is the \n      imported image(s).\n    </p>\n  </body>\n</html>\n",
  "menu-path" : [ ],
  "icon" : "actions/object-group.png",
  "data" : "{\r\n  \"nodes\" : {\r\n    \"d0807084-e5b5-48a3-a04b-834692987f84\" : {\r\n      \"jipipe:graph-compartment\" : \"\",\r\n      \"jipipe:alias-id\" : \"import-images\",\r\n      \"jipipe:slot-configuration\" : {\r\n        \"input\" : {\r\n          \"Input\" : {\r\n            \"slot-data-type\" : \"path\",\r\n            \"slot-type\" : \"Input\",\r\n            \"inherited-slot\" : null,\r\n            \"name\" : \"Input\",\r\n            \"custom-name\" : null,\r\n            \"description\" : \"\",\r\n            \"is-virtual\" : false,\r\n            \"save-outputs\" : true,\r\n            \"is-optional\" : false,\r\n            \"inheritance-conversions\" : { }\r\n          }\r\n        },\r\n        \"output\" : {\r\n          \"Image\" : {\r\n            \"slot-data-type\" : \"imagej-imgplus\",\r\n            \"slot-type\" : \"Output\",\r\n            \"inherited-slot\" : null,\r\n            \"name\" : \"Image\",\r\n            \"custom-name\" : null,\r\n            \"description\" : \"Imported image\",\r\n            \"is-virtual\" : true,\r\n            \"save-outputs\" : true,\r\n            \"is-optional\" : false,\r\n            \"inheritance-conversions\" : { }\r\n          }\r\n        }\r\n      },\r\n      \"jipipe:ui-grid-location\" : {\r\n        \"\" : {\r\n          \"VerticalCompact\" : {\r\n            \"x\" : 33,\r\n            \"y\" : 10\r\n          }\r\n        }\r\n      },\r\n      \"jipipe:node-info-id\" : \"node-group\",\r\n      \"jipipe:algorithm:enabled\" : true,\r\n      \"show-limited-parameters\" : false,\r\n      \"exported-parameters\" : {\r\n        \"parameter-reference-groups\" : [ {\r\n          \"content\" : [ {\r\n            \"custom-name\" : null,\r\n            \"custom-description\" : null,\r\n            \"path\" : \"ad027686-e34f-47dd-b964-b0d8be4717e8/parent-path-annotation\"\r\n          }, {\r\n            \"custom-name\" : null,\r\n            \"custom-description\" : null,\r\n            \"path\" : \"ad027686-e34f-47dd-b964-b0d8be4717e8/type-annotation\"\r\n          }, {\r\n            \"custom-name\" : null,\r\n            \"custom-description\" : null,\r\n            \"path\" : \"ad027686-e34f-47dd-b964-b0d8be4717e8/size-annotation\"\r\n          } ],\r\n          \"name\" : \"Improt images\",\r\n          \"description\" : \"<html>\\n  <head>\\n    \\n  </head>\\n  <body>\\n    <p>\\n      &#202;xposed parameter of the Import images group\\n    </p>\\n  </body>\\n</html>\\n\"\r\n        } ]\r\n      },\r\n      \"contents\" : {\r\n        \"nodes\" : {\r\n          \"04b7339d-5cfb-4bbc-91bc-78b347b0a21d\" : {\r\n            \"jipipe:graph-compartment\" : \"\",\r\n            \"jipipe:alias-id\" : \"list-files\",\r\n            \"jipipe:slot-configuration\" : {\r\n              \"input\" : {\r\n                \"Folders\" : {\r\n                  \"slot-data-type\" : \"folder\",\r\n                  \"slot-type\" : \"Input\",\r\n                  \"inherited-slot\" : null,\r\n                  \"name\" : \"Folders\",\r\n                  \"custom-name\" : null,\r\n                  \"description\" : \"\",\r\n                  \"is-virtual\" : false,\r\n                  \"save-outputs\" : true,\r\n                  \"is-optional\" : false,\r\n                  \"inheritance-conversions\" : { }\r\n                }\r\n              },\r\n              \"output\" : {\r\n                \"Files\" : {\r\n                  \"slot-data-type\" : \"file\",\r\n                  \"slot-type\" : \"Output\",\r\n                  \"inherited-slot\" : \"\",\r\n                  \"name\" : \"Files\",\r\n                  \"custom-name\" : null,\r\n                  \"description\" : \"\",\r\n                  \"is-virtual\" : false,\r\n                  \"save-outputs\" : true,\r\n                  \"is-optional\" : false,\r\n                  \"inheritance-conversions\" : { }\r\n                }\r\n              }\r\n            },\r\n            \"jipipe:ui-grid-location\" : {\r\n              \"\" : {\r\n                \"VerticalCompact\" : {\r\n                  \"x\" : 51,\r\n                  \"y\" : 18\r\n                }\r\n              }\r\n            },\r\n            \"jipipe:node-info-id\" : \"folder-list-files\",\r\n            \"jipipe:algorithm:enabled\" : true,\r\n            \"jipipe:parallelization:enabled\" : true,\r\n            \"subfolder\" : null,\r\n            \"recursive-follows-links\" : true,\r\n            \"jipipe:node:bookmarked\" : false,\r\n            \"filters\" : {\r\n              \"expression\" : \"\"\r\n            },\r\n            \"jipipe:algorithm:pass-through\" : false,\r\n            \"recursive\" : true,\r\n            \"jipipe:node:name\" : \"List files\",\r\n            \"jipipe:node:description\" : \"<html><head></head><body></body></html>\",\r\n            \"jipipe:adaptive-parameters/attach-only-non-default-parameter-annotations\" : true,\r\n            \"jipipe:adaptive-parameters/attach-parameter-annotations\" : true,\r\n            \"jipipe:adaptive-parameters/parameter-annotations-prefix\" : \"\",\r\n            \"jipipe:adaptive-parameters/enabled\" : true,\r\n            \"jipipe:adaptive-parameters/overridden-parameters\" : [ ],\r\n            \"jipipe:adaptive-parameters/parameter-annotations-use-internal-names\" : false,\r\n            \"jipipe:parameter-slot-algorithm/has-parameter-slot\" : false,\r\n            \"jipipe:parameter-slot-algorithm/attach-only-non-default-parameter-annotations\" : true,\r\n            \"jipipe:parameter-slot-algorithm/attach-parameter-annotations\" : true,\r\n            \"jipipe:parameter-slot-algorithm/parameter-annotations-prefix\" : \"\",\r\n            \"jipipe:parameter-slot-algorithm/parameter-annotations-use-internal-names\" : false,\r\n            \"jipipe:data-batch-generation/limit\" : {\r\n              \"content\" : {\r\n                \"value\" : \"0-9\",\r\n                \"is-expression\" : false,\r\n                \"expression\" : {\r\n                  \"expression\" : \"MAKE_SEQUENCE(0, 10)\"\r\n                }\r\n              },\r\n              \"enabled\" : false\r\n            }\r\n          },\r\n          \"d4c1b8f4-9121-4989-ad2d-1c71a0098ae8\" : {\r\n            \"jipipe:graph-compartment\" : \"\",\r\n            \"jipipe:alias-id\" : \"add-path-to-annotations\",\r\n            \"jipipe:slot-configuration\" : {\r\n              \"input\" : {\r\n                \"Paths\" : {\r\n                  \"slot-data-type\" : \"path\",\r\n                  \"slot-type\" : \"Input\",\r\n                  \"inherited-slot\" : null,\r\n                  \"name\" : \"Paths\",\r\n                  \"custom-name\" : null,\r\n                  \"description\" : \"\",\r\n                  \"is-virtual\" : false,\r\n                  \"save-outputs\" : true,\r\n                  \"is-optional\" : false,\r\n                  \"inheritance-conversions\" : { }\r\n                }\r\n              },\r\n              \"output\" : {\r\n                \"Annotated paths\" : {\r\n                  \"slot-data-type\" : \"path\",\r\n                  \"slot-type\" : \"Output\",\r\n                  \"inherited-slot\" : \"Paths\",\r\n                  \"name\" : \"Annotated paths\",\r\n                  \"custom-name\" : null,\r\n                  \"description\" : \"\",\r\n                  \"is-virtual\" : false,\r\n                  \"save-outputs\" : true,\r\n                  \"is-optional\" : false,\r\n                  \"inheritance-conversions\" : { }\r\n                }\r\n              }\r\n            },\r\n            \"jipipe:ui-grid-location\" : {\r\n              \"\" : {\r\n                \"VerticalCompact\" : {\r\n                  \"x\" : 50,\r\n                  \"y\" : 22\r\n                }\r\n              }\r\n            },\r\n            \"jipipe:node-info-id\" : \"path-to-annotation-simple\",\r\n            \"remove-extensions\" : true,\r\n            \"annotation-merge-strategy\" : \"OverwriteExisting\",\r\n            \"jipipe:algorithm:enabled\" : true,\r\n            \"jipipe:parallelization:enabled\" : true,\r\n            \"jipipe:node:bookmarked\" : false,\r\n            \"full-path\" : false,\r\n            \"jipipe:algorithm:pass-through\" : false,\r\n            \"jipipe:node:name\" : \"Add path to annotations\",\r\n            \"jipipe:node:description\" : \"<html><head></head><body></body></html>\",\r\n            \"generated-annotation\" : \"#Filename\",\r\n            \"jipipe:adaptive-parameters/attach-only-non-default-parameter-annotations\" : true,\r\n            \"jipipe:adaptive-parameters/attach-parameter-annotations\" : true,\r\n            \"jipipe:adaptive-parameters/parameter-annotations-prefix\" : \"\",\r\n            \"jipipe:adaptive-parameters/enabled\" : true,\r\n            \"jipipe:adaptive-parameters/overridden-parameters\" : [ ],\r\n            \"jipipe:adaptive-parameters/parameter-annotations-use-internal-names\" : false,\r\n            \"jipipe:parameter-slot-algorithm/has-parameter-slot\" : false,\r\n            \"jipipe:parameter-slot-algorithm/attach-only-non-default-parameter-annotations\" : true,\r\n            \"jipipe:parameter-slot-algorithm/attach-parameter-annotations\" : true,\r\n            \"jipipe:parameter-slot-algorithm/parameter-annotations-prefix\" : \"\",\r\n            \"jipipe:parameter-slot-algorithm/parameter-annotations-use-internal-names\" : false,\r\n            \"jipipe:data-batch-generation/limit\" : {\r\n              \"content\" : {\r\n                \"value\" : \"0-9\",\r\n                \"is-expression\" : false,\r\n                \"expression\" : {\r\n                  \"expression\" : \"MAKE_SEQUENCE(0, 10)\"\r\n                }\r\n              },\r\n              \"enabled\" : false\r\n            }\r\n          },\r\n          \"282aedb0-3fa2-4cdf-a39d-0899c0fc2496\" : {\r\n            \"jipipe:graph-compartment\" : \"\",\r\n            \"jipipe:alias-id\" : \"list-subfolders\",\r\n            \"jipipe:slot-configuration\" : {\r\n              \"input\" : {\r\n                \"Folders\" : {\r\n                  \"slot-data-type\" : \"folder\",\r\n                  \"slot-type\" : \"Input\",\r\n                  \"inherited-slot\" : null,\r\n                  \"name\" : \"Folders\",\r\n                  \"custom-name\" : null,\r\n                  \"description\" : \"\",\r\n                  \"is-virtual\" : false,\r\n                  \"save-outputs\" : true,\r\n                  \"is-optional\" : false,\r\n                  \"inheritance-conversions\" : { }\r\n                }\r\n              },\r\n              \"output\" : {\r\n                \"Subfolders\" : {\r\n                  \"slot-data-type\" : \"folder\",\r\n                  \"slot-type\" : \"Output\",\r\n                  \"inherited-slot\" : \"\",\r\n                  \"name\" : \"Subfolders\",\r\n                  \"custom-name\" : null,\r\n                  \"description\" : \"\",\r\n                  \"is-virtual\" : false,\r\n                  \"save-outputs\" : true,\r\n                  \"is-optional\" : false,\r\n                  \"inheritance-conversions\" : { }\r\n                }\r\n              }\r\n            },\r\n            \"jipipe:ui-grid-location\" : {\r\n              \"\" : {\r\n                \"VerticalCompact\" : {\r\n                  \"x\" : 51,\r\n                  \"y\" : 10\r\n                }\r\n              }\r\n            },\r\n            \"jipipe:node-info-id\" : \"folder-list-subfolders\",\r\n            \"jipipe:algorithm:enabled\" : true,\r\n            \"jipipe:parallelization:enabled\" : true,\r\n            \"subfolder\" : null,\r\n            \"recursive-follows-links\" : true,\r\n            \"jipipe:node:bookmarked\" : false,\r\n            \"filters\" : {\r\n              \"expression\" : \"\"\r\n            },\r\n            \"jipipe:algorithm:pass-through\" : false,\r\n            \"recursive\" : true,\r\n            \"jipipe:node:name\" : \"List subfolders\",\r\n            \"jipipe:node:description\" : \"<html><head></head><body></body></html>\",\r\n            \"jipipe:adaptive-parameters/attach-only-non-default-parameter-annotations\" : true,\r\n            \"jipipe:adaptive-parameters/attach-parameter-annotations\" : true,\r\n            \"jipipe:adaptive-parameters/parameter-annotations-prefix\" : \"\",\r\n            \"jipipe:adaptive-parameters/enabled\" : true,\r\n            \"jipipe:adaptive-parameters/overridden-parameters\" : [ ],\r\n            \"jipipe:adaptive-parameters/parameter-annotations-use-internal-names\" : false,\r\n            \"jipipe:parameter-slot-algorithm/has-parameter-slot\" : false,\r\n            \"jipipe:parameter-slot-algorithm/attach-only-non-default-parameter-annotations\" : true,\r\n            \"jipipe:parameter-slot-algorithm/attach-parameter-annotations\" : true,\r\n            \"jipipe:parameter-slot-algorithm/parameter-annotations-prefix\" : \"\",\r\n            \"jipipe:parameter-slot-algorithm/parameter-annotations-use-internal-names\" : false,\r\n            \"jipipe:data-batch-generation/limit\" : {\r\n              \"content\" : {\r\n                \"value\" : \"0-9\",\r\n                \"is-expression\" : false,\r\n                \"expression\" : {\r\n                  \"expression\" : \"MAKE_SEQUENCE(0, 10)\"\r\n                }\r\n              },\r\n              \"enabled\" : false\r\n            }\r\n          },\r\n          \"ab87db71-a33c-4934-a5d3-f56de146693b\" : {\r\n            \"jipipe:graph-compartment\" : \"\",\r\n            \"jipipe:alias-id\" : \"import-image\",\r\n            \"jipipe:slot-configuration\" : {\r\n              \"input\" : {\r\n                \"Files\" : {\r\n                  \"slot-data-type\" : \"file\",\r\n                  \"slot-type\" : \"Input\",\r\n                  \"inherited-slot\" : null,\r\n                  \"name\" : \"Files\",\r\n                  \"custom-name\" : null,\r\n                  \"description\" : \"The image file\",\r\n                  \"is-virtual\" : false,\r\n                  \"save-outputs\" : true,\r\n                  \"is-optional\" : false,\r\n                  \"inheritance-conversions\" : { }\r\n                }\r\n              },\r\n              \"output\" : {\r\n                \"Image\" : {\r\n                  \"slot-data-type\" : \"imagej-imgplus\",\r\n                  \"slot-type\" : \"Output\",\r\n                  \"inherited-slot\" : null,\r\n                  \"name\" : \"Image\",\r\n                  \"custom-name\" : null,\r\n                  \"description\" : \"Imported image\",\r\n                  \"is-virtual\" : true,\r\n                  \"save-outputs\" : true,\r\n                  \"is-optional\" : false,\r\n                  \"inheritance-conversions\" : { }\r\n                }\r\n              }\r\n            },\r\n            \"jipipe:ui-grid-location\" : {\r\n              \"\" : {\r\n                \"VerticalCompact\" : {\r\n                  \"x\" : 51,\r\n                  \"y\" : 26\r\n                }\r\n              }\r\n            },\r\n            \"jipipe:node-info-id\" : \"import-imagej-imgplus-from-file\",\r\n            \"generated-image-type\" : \"imagej-imgplus\",\r\n            \"remove-overlay\" : false,\r\n            \"jipipe:algorithm:enabled\" : true,\r\n            \"jipipe:parallelization:enabled\" : true,\r\n            \"jipipe:node:bookmarked\" : false,\r\n            \"remove-lut\" : false,\r\n            \"jipipe:algorithm:pass-through\" : false,\r\n            \"jipipe:node:name\" : \"Import image\",\r\n            \"jipipe:node:description\" : \"<html><head></head><body></body></html>\",\r\n            \"title-annotation\" : {\r\n              \"content\" : \"Image title\",\r\n              \"enabled\" : false\r\n            },\r\n            \"defer-loading\" : false,\r\n            \"jipipe:adaptive-parameters/attach-only-non-default-parameter-annotations\" : true,\r\n            \"jipipe:adaptive-parameters/attach-parameter-annotations\" : true,\r\n            \"jipipe:adaptive-parameters/parameter-annotations-prefix\" : \"\",\r\n            \"jipipe:adaptive-parameters/enabled\" : true,\r\n            \"jipipe:adaptive-parameters/overridden-parameters\" : [ ],\r\n            \"jipipe:adaptive-parameters/parameter-annotations-use-internal-names\" : false,\r\n            \"jipipe:parameter-slot-algorithm/has-parameter-slot\" : false,\r\n            \"jipipe:parameter-slot-algorithm/attach-only-non-default-parameter-annotations\" : true,\r\n            \"jipipe:parameter-slot-algorithm/attach-parameter-annotations\" : true,\r\n            \"jipipe:parameter-slot-algorithm/parameter-annotations-prefix\" : \"\",\r\n            \"jipipe:parameter-slot-algorithm/parameter-annotations-use-internal-names\" : false,\r\n            \"jipipe:data-batch-generation/limit\" : {\r\n              \"content\" : {\r\n                \"value\" : \"0-9\",\r\n                \"is-expression\" : false,\r\n                \"expression\" : {\r\n                  \"expression\" : \"MAKE_SEQUENCE(0, 10)\"\r\n                }\r\n              },\r\n              \"enabled\" : false\r\n            }\r\n          },\r\n          \"ad027686-e34f-47dd-b964-b0d8be4717e8\" : {\r\n            \"jipipe:graph-compartment\" : \"\",\r\n            \"jipipe:alias-id\" : \"annotate-with-path-properties\",\r\n            \"jipipe:slot-configuration\" : {\r\n              \"input\" : {\r\n                \"Input\" : {\r\n                  \"slot-data-type\" : \"path\",\r\n                  \"slot-type\" : \"Input\",\r\n                  \"inherited-slot\" : null,\r\n                  \"name\" : \"Input\",\r\n                  \"custom-name\" : null,\r\n                  \"description\" : \"\",\r\n                  \"is-virtual\" : false,\r\n                  \"save-outputs\" : true,\r\n                  \"is-optional\" : false,\r\n                  \"inheritance-conversions\" : { }\r\n                }\r\n              },\r\n              \"output\" : {\r\n                \"Output\" : {\r\n                  \"slot-data-type\" : \"path\",\r\n                  \"slot-type\" : \"Output\",\r\n                  \"inherited-slot\" : \"\",\r\n                  \"name\" : \"Output\",\r\n                  \"custom-name\" : null,\r\n                  \"description\" : \"\",\r\n                  \"is-virtual\" : false,\r\n                  \"save-outputs\" : true,\r\n                  \"is-optional\" : false,\r\n                  \"inheritance-conversions\" : { }\r\n                }\r\n              }\r\n            },\r\n            \"jipipe:ui-grid-location\" : {\r\n              \"\" : {\r\n                \"VerticalCompact\" : {\r\n                  \"x\" : 51,\r\n                  \"y\" : 14\r\n                }\r\n              }\r\n            },\r\n            \"jipipe:node-info-id\" : \"annotate-with-path-properties\",\r\n            \"last-modified-time-annotation\" : {\r\n              \"content\" : \"Last modified\",\r\n              \"enabled\" : false\r\n            },\r\n            \"jipipe:algorithm:enabled\" : true,\r\n            \"file-name-annotation\" : {\r\n              \"content\" : \"Subfolder name\",\r\n              \"enabled\" : true\r\n            },\r\n            \"jipipe:parallelization:enabled\" : true,\r\n            \"size-annotation\" : {\r\n              \"content\" : \"Size\",\r\n              \"enabled\" : false\r\n            },\r\n            \"jipipe:node:bookmarked\" : false,\r\n            \"jipipe:algorithm:pass-through\" : false,\r\n            \"type-annotation\" : {\r\n              \"content\" : \"Type\",\r\n              \"enabled\" : false\r\n            },\r\n            \"jipipe:node:name\" : \"Annotate with path properties\",\r\n            \"jipipe:node:description\" : \"<html><head></head><body></body></html>\",\r\n            \"parent-path-annotation\" : {\r\n              \"content\" : \"Parent\",\r\n              \"enabled\" : true\r\n            },\r\n            \"jipipe:adaptive-parameters/attach-only-non-default-parameter-annotations\" : true,\r\n            \"jipipe:adaptive-parameters/attach-parameter-annotations\" : true,\r\n            \"jipipe:adaptive-parameters/parameter-annotations-prefix\" : \"\",\r\n            \"jipipe:adaptive-parameters/enabled\" : true,\r\n            \"jipipe:adaptive-parameters/overridden-parameters\" : [ ],\r\n            \"jipipe:adaptive-parameters/parameter-annotations-use-internal-names\" : false,\r\n            \"jipipe:parameter-slot-algorithm/has-parameter-slot\" : false,\r\n            \"jipipe:parameter-slot-algorithm/attach-only-non-default-parameter-annotations\" : true,\r\n            \"jipipe:parameter-slot-algorithm/attach-parameter-annotations\" : true,\r\n            \"jipipe:parameter-slot-algorithm/parameter-annotations-prefix\" : \"\",\r\n            \"jipipe:parameter-slot-algorithm/parameter-annotations-use-internal-names\" : false,\r\n            \"jipipe:data-batch-generation/limit\" : {\r\n              \"content\" : {\r\n                \"value\" : \"0-9\",\r\n                \"is-expression\" : false,\r\n                \"expression\" : {\r\n                  \"expression\" : \"MAKE_SEQUENCE(0, 10)\"\r\n                }\r\n              },\r\n              \"enabled\" : false\r\n            }\r\n          },\r\n          \"fb44c168-b407-4636-a4e7-62e12809c1e4\" : {\r\n            \"jipipe:graph-compartment\" : \"\",\r\n            \"jipipe:alias-id\" : \"annotate-with-path-properties-1\",\r\n            \"jipipe:slot-configuration\" : {\r\n              \"input\" : {\r\n                \"Input\" : {\r\n                  \"slot-data-type\" : \"path\",\r\n                  \"slot-type\" : \"Input\",\r\n                  \"inherited-slot\" : null,\r\n                  \"name\" : \"Input\",\r\n                  \"custom-name\" : null,\r\n                  \"description\" : \"\",\r\n                  \"is-virtual\" : false,\r\n                  \"save-outputs\" : true,\r\n                  \"is-optional\" : false,\r\n                  \"inheritance-conversions\" : { }\r\n                }\r\n              },\r\n              \"output\" : {\r\n                \"Output\" : {\r\n                  \"slot-data-type\" : \"path\",\r\n                  \"slot-type\" : \"Output\",\r\n                  \"inherited-slot\" : \"\",\r\n                  \"name\" : \"Output\",\r\n                  \"custom-name\" : null,\r\n                  \"description\" : \"\",\r\n                  \"is-virtual\" : false,\r\n                  \"save-outputs\" : true,\r\n                  \"is-optional\" : false,\r\n                  \"inheritance-conversions\" : { }\r\n                }\r\n              }\r\n            },\r\n            \"jipipe:ui-grid-location\" : {\r\n              \"\" : {\r\n                \"VerticalCompact\" : {\r\n                  \"x\" : 51,\r\n                  \"y\" : 6\r\n                }\r\n              }\r\n            },\r\n            \"jipipe:node-info-id\" : \"annotate-with-path-properties\",\r\n            \"last-modified-time-annotation\" : {\r\n              \"content\" : \"Last modified\",\r\n              \"enabled\" : true\r\n            },\r\n            \"jipipe:algorithm:enabled\" : true,\r\n            \"file-name-annotation\" : {\r\n              \"content\" : \"Main folder\",\r\n              \"enabled\" : true\r\n            },\r\n            \"jipipe:parallelization:enabled\" : true,\r\n            \"size-annotation\" : {\r\n              \"content\" : \"Size\",\r\n              \"enabled\" : true\r\n            },\r\n            \"jipipe:node:bookmarked\" : false,\r\n            \"jipipe:algorithm:pass-through\" : false,\r\n            \"type-annotation\" : {\r\n              \"content\" : \"Type\",\r\n              \"enabled\" : false\r\n            },\r\n            \"jipipe:node:name\" : \"Annotate with path properties\",\r\n            \"jipipe:node:description\" : \"<html><head></head><body></body></html>\",\r\n            \"parent-path-annotation\" : {\r\n              \"content\" : \"Parent\",\r\n              \"enabled\" : false\r\n            },\r\n            \"jipipe:adaptive-parameters/attach-only-non-default-parameter-annotations\" : true,\r\n            \"jipipe:adaptive-parameters/attach-parameter-annotations\" : true,\r\n            \"jipipe:adaptive-parameters/parameter-annotations-prefix\" : \"\",\r\n            \"jipipe:adaptive-parameters/enabled\" : true,\r\n            \"jipipe:adaptive-parameters/overridden-parameters\" : [ ],\r\n            \"jipipe:adaptive-parameters/parameter-annotations-use-internal-names\" : false,\r\n            \"jipipe:parameter-slot-algorithm/has-parameter-slot\" : false,\r\n            \"jipipe:parameter-slot-algorithm/attach-only-non-default-parameter-annotations\" : true,\r\n            \"jipipe:parameter-slot-algorithm/attach-parameter-annotations\" : true,\r\n            \"jipipe:parameter-slot-algorithm/parameter-annotations-prefix\" : \"\",\r\n            \"jipipe:parameter-slot-algorithm/parameter-annotations-use-internal-names\" : false,\r\n            \"jipipe:data-batch-generation/limit\" : {\r\n              \"content\" : {\r\n                \"value\" : \"0-9\",\r\n                \"is-expression\" : false,\r\n                \"expression\" : {\r\n                  \"expression\" : \"MAKE_SEQUENCE(0, 10)\"\r\n                }\r\n              },\r\n              \"enabled\" : false\r\n            }\r\n          },\r\n          \"f66c247d-87bd-4653-a459-3dc9eadc63b4\" : {\r\n            \"jipipe:graph-compartment\" : \"\",\r\n            \"jipipe:alias-id\" : \"group-input\",\r\n            \"jipipe:slot-configuration\" : {\r\n              \"input\" : {\r\n                \"Input\" : {\r\n                  \"slot-data-type\" : \"path\",\r\n                  \"slot-type\" : \"Input\",\r\n                  \"inherited-slot\" : null,\r\n                  \"name\" : \"Input\",\r\n                  \"custom-name\" : null,\r\n                  \"description\" : \"\",\r\n                  \"is-virtual\" : false,\r\n                  \"save-outputs\" : true,\r\n                  \"is-optional\" : false,\r\n                  \"inheritance-conversions\" : { }\r\n                }\r\n              },\r\n              \"output\" : {\r\n                \"Input\" : {\r\n                  \"slot-data-type\" : \"path\",\r\n                  \"slot-type\" : \"Output\",\r\n                  \"inherited-slot\" : null,\r\n                  \"name\" : \"Input\",\r\n                  \"custom-name\" : null,\r\n                  \"description\" : null,\r\n                  \"is-virtual\" : false,\r\n                  \"save-outputs\" : true,\r\n                  \"is-optional\" : false,\r\n                  \"inheritance-conversions\" : { }\r\n                }\r\n              }\r\n            },\r\n            \"jipipe:ui-grid-location\" : {\r\n              \"\" : {\r\n                \"VerticalCompact\" : {\r\n                  \"x\" : 50,\r\n                  \"y\" : 1\r\n                }\r\n              }\r\n            },\r\n            \"jipipe:node-info-id\" : \"graph-wrapper:input\",\r\n            \"jipipe:algorithm:enabled\" : true,\r\n            \"jipipe:node:bookmarked\" : false,\r\n            \"jipipe:algorithm:pass-through\" : false,\r\n            \"jipipe:node:name\" : \"Group input\",\r\n            \"jipipe:node:description\" : \"<html><head></head><body></body></html>\"\r\n          },\r\n          \"ca8ccd6b-fd4c-4691-9ce1-057d903682c3\" : {\r\n            \"jipipe:graph-compartment\" : \"\",\r\n            \"jipipe:alias-id\" : \"group-output\",\r\n            \"jipipe:slot-configuration\" : {\r\n              \"input\" : {\r\n                \"Image\" : {\r\n                  \"slot-data-type\" : \"imagej-imgplus\",\r\n                  \"slot-type\" : \"Input\",\r\n                  \"inherited-slot\" : null,\r\n                  \"name\" : \"Image\",\r\n                  \"custom-name\" : null,\r\n                  \"description\" : null,\r\n                  \"is-virtual\" : true,\r\n                  \"save-outputs\" : true,\r\n                  \"is-optional\" : false,\r\n                  \"inheritance-conversions\" : { }\r\n                }\r\n              },\r\n              \"output\" : {\r\n                \"Image\" : {\r\n                  \"slot-data-type\" : \"imagej-imgplus\",\r\n                  \"slot-type\" : \"Output\",\r\n                  \"inherited-slot\" : null,\r\n                  \"name\" : \"Image\",\r\n                  \"custom-name\" : null,\r\n                  \"description\" : \"Imported image\",\r\n                  \"is-virtual\" : true,\r\n                  \"save-outputs\" : true,\r\n                  \"is-optional\" : false,\r\n                  \"inheritance-conversions\" : { }\r\n                }\r\n              }\r\n            },\r\n            \"jipipe:ui-grid-location\" : {\r\n              \"\" : {\r\n                \"VerticalCompact\" : {\r\n                  \"x\" : 51,\r\n                  \"y\" : 31\r\n                }\r\n              }\r\n            },\r\n            \"jipipe:node-info-id\" : \"graph-wrapper:output\",\r\n            \"jipipe:algorithm:enabled\" : true,\r\n            \"jipipe:node:bookmarked\" : false,\r\n            \"jipipe:algorithm:pass-through\" : false,\r\n            \"jipipe:node:name\" : \"Group output\",\r\n            \"jipipe:node:description\" : \"<html><head></head><body></body></html>\"\r\n          }\r\n        },\r\n        \"edges\" : [ {\r\n          \"source-node\" : \"ab87db71-a33c-4934-a5d3-f56de146693b\",\r\n          \"target-node\" : \"ca8ccd6b-fd4c-4691-9ce1-057d903682c3\",\r\n          \"source-slot\" : \"Image\",\r\n          \"target-slot\" : \"Image\",\r\n          \"metadata\" : {\r\n            \"ui-hidden\" : false,\r\n            \"ui-shape\" : \"Elbow\"\r\n          }\r\n        }, {\r\n          \"source-node\" : \"f66c247d-87bd-4653-a459-3dc9eadc63b4\",\r\n          \"target-node\" : \"fb44c168-b407-4636-a4e7-62e12809c1e4\",\r\n          \"source-slot\" : \"Input\",\r\n          \"target-slot\" : \"Input\",\r\n          \"metadata\" : {\r\n            \"ui-hidden\" : false,\r\n            \"ui-shape\" : \"Elbow\"\r\n          }\r\n        }, {\r\n          \"source-node\" : \"ad027686-e34f-47dd-b964-b0d8be4717e8\",\r\n          \"target-node\" : \"04b7339d-5cfb-4bbc-91bc-78b347b0a21d\",\r\n          \"source-slot\" : \"Output\",\r\n          \"target-slot\" : \"Folders\",\r\n          \"metadata\" : {\r\n            \"ui-hidden\" : false,\r\n            \"ui-shape\" : \"Elbow\"\r\n          }\r\n        }, {\r\n          \"source-node\" : \"fb44c168-b407-4636-a4e7-62e12809c1e4\",\r\n          \"target-node\" : \"282aedb0-3fa2-4cdf-a39d-0899c0fc2496\",\r\n          \"source-slot\" : \"Output\",\r\n          \"target-slot\" : \"Folders\",\r\n          \"metadata\" : {\r\n            \"ui-hidden\" : false,\r\n            \"ui-shape\" : \"Elbow\"\r\n          }\r\n        }, {\r\n          \"source-node\" : \"04b7339d-5cfb-4bbc-91bc-78b347b0a21d\",\r\n          \"target-node\" : \"d4c1b8f4-9121-4989-ad2d-1c71a0098ae8\",\r\n          \"source-slot\" : \"Files\",\r\n          \"target-slot\" : \"Paths\",\r\n          \"metadata\" : {\r\n            \"ui-hidden\" : false,\r\n            \"ui-shape\" : \"Elbow\"\r\n          }\r\n        }, {\r\n          \"source-node\" : \"282aedb0-3fa2-4cdf-a39d-0899c0fc2496\",\r\n          \"target-node\" : \"ad027686-e34f-47dd-b964-b0d8be4717e8\",\r\n          \"source-slot\" : \"Subfolders\",\r\n          \"target-slot\" : \"Input\",\r\n          \"metadata\" : {\r\n            \"ui-hidden\" : false,\r\n            \"ui-shape\" : \"Elbow\"\r\n          }\r\n        }, {\r\n          \"source-node\" : \"d4c1b8f4-9121-4989-ad2d-1c71a0098ae8\",\r\n          \"target-node\" : \"ab87db71-a33c-4934-a5d3-f56de146693b\",\r\n          \"source-slot\" : \"Annotated paths\",\r\n          \"target-slot\" : \"Files\",\r\n          \"metadata\" : {\r\n            \"ui-hidden\" : false,\r\n            \"ui-shape\" : \"Elbow\"\r\n          }\r\n        } ]\r\n      },\r\n      \"jipipe:node:bookmarked\" : false,\r\n      \"jipipe:algorithm:pass-through\" : false,\r\n      \"jipipe:node:name\" : \"Import images\",\r\n      \"iteration-mode\" : \"PassThrough\",\r\n      \"jipipe:node:description\" : \"<html><head></head><body></body></html>\",\r\n      \"jipipe:data-batch-generation/annotation-merge-strategy\" : \"Merge\",\r\n      \"jipipe:data-batch-generation/column-matching\" : \"PrefixHashUnion\",\r\n      \"jipipe:data-batch-generation/data-annotation-merge-strategy\" : \"MergeTables\",\r\n      \"jipipe:data-batch-generation/custom-matched-columns-expression\" : {\r\n        \"expression\" : \"\"\r\n      },\r\n      \"jipipe:data-batch-generation/skip-incomplete\" : false,\r\n      \"jipipe:data-batch-generation/custom-annotation-matching\" : {\r\n        \"expression\" : \"exact_match_results\"\r\n      },\r\n      \"jipipe:data-batch-generation/limit\" : {\r\n        \"content\" : {\r\n          \"value\" : \"0-9\",\r\n          \"is-expression\" : false,\r\n          \"expression\" : {\r\n            \"expression\" : \"MAKE_SEQUENCE(0, 10)\"\r\n          }\r\n        },\r\n        \"enabled\" : false\r\n      },\r\n      \"jipipe:data-batch-generation/annotation-matching-method\" : \"ExactMatch\"\r\n    }\r\n  },\r\n  \"edges\" : [ ]\r\n}",
  "fill-color" : "#E6DECF",
  "border-color" : "#807B73"
}, {
  "name" : "Split channels: three channels, R, G, B order",
  "description" : "<html>\n  <head>\n    \n  </head>\n  <body>\n    <p>\n      Split a 3-channel image into three separate grey-scale images, in the \n      order of red, green and blue. \n    </p>\n  </body>\n</html>\n",
  "menu-path" : [ ],
  "icon" : "actions/split.png",
  "data" : "{\r\n  \"nodes\" : {\r\n    \"e767bd7c-b0b1-4c73-8895-ad7dedfff769\" : {\r\n      \"jipipe:graph-compartment\" : \"\",\r\n      \"jipipe:alias-id\" : \"split-channels\",\r\n      \"jipipe:slot-configuration\" : {\r\n        \"input\" : {\r\n          \"Input\" : {\r\n            \"slot-data-type\" : \"imagej-imgplus\",\r\n            \"slot-type\" : \"Input\",\r\n            \"inherited-slot\" : null,\r\n            \"name\" : \"Input\",\r\n            \"custom-name\" : null,\r\n            \"description\" : \"\",\r\n            \"is-virtual\" : true,\r\n            \"save-outputs\" : true,\r\n            \"is-optional\" : false,\r\n            \"inheritance-conversions\" : { }\r\n          }\r\n        },\r\n        \"output\" : {\r\n          \"Red\" : {\r\n            \"slot-data-type\" : \"imagej-imgplus\",\r\n            \"slot-type\" : \"Output\",\r\n            \"inherited-slot\" : null,\r\n            \"name\" : \"Red\",\r\n            \"custom-name\" : null,\r\n            \"description\" : \"\",\r\n            \"is-virtual\" : true,\r\n            \"save-outputs\" : true,\r\n            \"is-optional\" : false,\r\n            \"inheritance-conversions\" : { }\r\n          },\r\n          \"Green\" : {\r\n            \"slot-data-type\" : \"imagej-imgplus\",\r\n            \"slot-type\" : \"Output\",\r\n            \"inherited-slot\" : null,\r\n            \"name\" : \"Green\",\r\n            \"custom-name\" : null,\r\n            \"description\" : \"\",\r\n            \"is-virtual\" : true,\r\n            \"save-outputs\" : true,\r\n            \"is-optional\" : false,\r\n            \"inheritance-conversions\" : { }\r\n          },\r\n          \"Blue\" : {\r\n            \"slot-data-type\" : \"imagej-imgplus\",\r\n            \"slot-type\" : \"Output\",\r\n            \"inherited-slot\" : null,\r\n            \"name\" : \"Blue\",\r\n            \"custom-name\" : null,\r\n            \"description\" : \"\",\r\n            \"is-virtual\" : true,\r\n            \"save-outputs\" : true,\r\n            \"is-optional\" : false,\r\n            \"inheritance-conversions\" : { }\r\n          }\r\n        }\r\n      },\r\n      \"jipipe:ui-grid-location\" : {\r\n        \"\" : {\r\n          \"VerticalCompact\" : {\r\n            \"x\" : 5,\r\n            \"y\" : 29\r\n          }\r\n        }\r\n      },\r\n      \"jipipe:node-info-id\" : \"ij1-color-split-channels-2\",\r\n      \"channel-name-annotation\" : {\r\n        \"content\" : \"Channel\",\r\n        \"enabled\" : true\r\n      },\r\n      \"jipipe:algorithm:enabled\" : true,\r\n      \"jipipe:parallelization:enabled\" : true,\r\n      \"jipipe:node:bookmarked\" : false,\r\n      \"jipipe:algorithm:pass-through\" : false,\r\n      \"jipipe:node:name\" : \"Split channels\",\r\n      \"jipipe:node:description\" : \"<html><head></head><body></body></html>\",\r\n      \"ignore-missing-channels\" : false,\r\n      \"channel-index-annotation\" : {\r\n        \"content\" : \"Channel index\",\r\n        \"enabled\" : true\r\n      },\r\n      \"jipipe:adaptive-parameters/attach-only-non-default-parameter-annotations\" : true,\r\n      \"jipipe:adaptive-parameters/attach-parameter-annotations\" : true,\r\n      \"jipipe:adaptive-parameters/parameter-annotations-prefix\" : \"\",\r\n      \"jipipe:adaptive-parameters/enabled\" : true,\r\n      \"jipipe:adaptive-parameters/overridden-parameters\" : [ ],\r\n      \"jipipe:adaptive-parameters/parameter-annotations-use-internal-names\" : false,\r\n      \"jipipe:parameter-slot-algorithm/has-parameter-slot\" : false,\r\n      \"jipipe:parameter-slot-algorithm/attach-only-non-default-parameter-annotations\" : true,\r\n      \"jipipe:parameter-slot-algorithm/attach-parameter-annotations\" : true,\r\n      \"jipipe:parameter-slot-algorithm/parameter-annotations-prefix\" : \"\",\r\n      \"jipipe:parameter-slot-algorithm/parameter-annotations-use-internal-names\" : false,\r\n      \"channel-to-slot-assignments/Red\" : 0,\r\n      \"channel-to-slot-assignments/Green\" : 1,\r\n      \"channel-to-slot-assignments/Blue\" : 2,\r\n      \"jipipe:data-batch-generation/limit\" : {\r\n        \"content\" : {\r\n          \"value\" : \"0-9\",\r\n          \"is-expression\" : false,\r\n          \"expression\" : {\r\n            \"expression\" : \"MAKE_SEQUENCE(0, 10)\"\r\n          }\r\n        },\r\n        \"enabled\" : false\r\n      }\r\n    }\r\n  },\r\n  \"edges\" : [ ]\r\n}",
  "fill-color" : "#CFE3E6",
  "border-color" : "#737E80"
}, {
  "name" : "Basic blob finder",
  "description" : "<html>\n  <head>\n    \n  </head>\n  <body>\n    <p>\n      Segmentation of bright/on/dark circular object, e.g. blobs or nuclei. \n      Parameters accessible include the smoothing radius of Gaussian blur, \n      thresholding method, and particle finder rnages of siye and circularity.\n    </p>\n  </body>\n</html>\n",
  "menu-path" : [ ],
  "icon" : "actions/object-group.png",
  "data" : "{\r\n  \"nodes\" : {\r\n    \"b06306bd-0803-4689-b5c0-39d7b244890e\" : {\r\n      \"jipipe:graph-compartment\" : \"\",\r\n      \"jipipe:alias-id\" : \"basic-blob-finder\",\r\n      \"jipipe:slot-configuration\" : {\r\n        \"input\" : {\r\n          \"Input\" : {\r\n            \"slot-data-type\" : \"imagej-imgplus\",\r\n            \"slot-type\" : \"Input\",\r\n            \"inherited-slot\" : null,\r\n            \"name\" : \"Input\",\r\n            \"custom-name\" : null,\r\n            \"description\" : \"\",\r\n            \"is-virtual\" : true,\r\n            \"save-outputs\" : true,\r\n            \"is-optional\" : false,\r\n            \"inheritance-conversions\" : { }\r\n          }\r\n        },\r\n        \"output\" : {\r\n          \"Measurements\" : {\r\n            \"slot-data-type\" : \"imagej-results-table\",\r\n            \"slot-type\" : \"Output\",\r\n            \"inherited-slot\" : null,\r\n            \"name\" : \"Measurements\",\r\n            \"custom-name\" : null,\r\n            \"description\" : null,\r\n            \"is-virtual\" : false,\r\n            \"save-outputs\" : true,\r\n            \"is-optional\" : false,\r\n            \"inheritance-conversions\" : { }\r\n          },\r\n          \"ROI\" : {\r\n            \"slot-data-type\" : \"imagej-roi\",\r\n            \"slot-type\" : \"Output\",\r\n            \"inherited-slot\" : null,\r\n            \"name\" : \"ROI\",\r\n            \"custom-name\" : null,\r\n            \"description\" : null,\r\n            \"is-virtual\" : false,\r\n            \"save-outputs\" : true,\r\n            \"is-optional\" : false,\r\n            \"inheritance-conversions\" : { }\r\n          }\r\n        }\r\n      },\r\n      \"jipipe:ui-grid-location\" : {\r\n        \"\" : {\r\n          \"VerticalCompact\" : {\r\n            \"x\" : 7,\r\n            \"y\" : 11\r\n          }\r\n        }\r\n      },\r\n      \"jipipe:node-info-id\" : \"node-group\",\r\n      \"jipipe:algorithm:enabled\" : true,\r\n      \"show-limited-parameters\" : false,\r\n      \"exported-parameters\" : {\r\n        \"parameter-reference-groups\" : [ {\r\n          \"content\" : [ {\r\n            \"custom-name\" : null,\r\n            \"custom-description\" : null,\r\n            \"path\" : \"4da2af21-c833-4d93-a595-c847a4840294/sigma-x\"\r\n          }, {\r\n            \"custom-name\" : null,\r\n            \"custom-description\" : null,\r\n            \"path\" : \"d68eb599-4a6a-42b2-b474-13da44216ec5/method\"\r\n          }, {\r\n            \"custom-name\" : null,\r\n            \"custom-description\" : null,\r\n            \"path\" : \"a10223df-60a7-49e5-a5b2-0427d418770b/min-particle-circularity\"\r\n          }, {\r\n            \"custom-name\" : null,\r\n            \"custom-description\" : null,\r\n            \"path\" : \"a10223df-60a7-49e5-a5b2-0427d418770b/min-particle-size\"\r\n          }, {\r\n            \"custom-name\" : null,\r\n            \"custom-description\" : null,\r\n            \"path\" : \"a10223df-60a7-49e5-a5b2-0427d418770b/max-particle-size\"\r\n          }, {\r\n            \"custom-name\" : null,\r\n            \"custom-description\" : null,\r\n            \"path\" : \"a10223df-60a7-49e5-a5b2-0427d418770b/max-particle-circularity\"\r\n          } ],\r\n          \"name\" : \"Blob finder\",\r\n          \"description\" : \"<html><head></head><body></body></html>\"\r\n        } ]\r\n      },\r\n      \"contents\" : {\r\n        \"nodes\" : {\r\n          \"a10223df-60a7-49e5-a5b2-0427d418770b\" : {\r\n            \"jipipe:graph-compartment\" : \"\",\r\n            \"jipipe:alias-id\" : \"find-particles-2d\",\r\n            \"jipipe:slot-configuration\" : {\r\n              \"input\" : {\r\n                \"Mask\" : {\r\n                  \"slot-data-type\" : \"imagej-imgplus-greyscale-mask\",\r\n                  \"slot-type\" : \"Input\",\r\n                  \"inherited-slot\" : null,\r\n                  \"name\" : \"Mask\",\r\n                  \"custom-name\" : null,\r\n                  \"description\" : \"The mask where particles are extracted from. White pixels are foreground.\",\r\n                  \"is-virtual\" : true,\r\n                  \"save-outputs\" : true,\r\n                  \"is-optional\" : false,\r\n                  \"inheritance-conversions\" : { }\r\n                }\r\n              },\r\n              \"output\" : {\r\n                \"ROI\" : {\r\n                  \"slot-data-type\" : \"imagej-roi\",\r\n                  \"slot-type\" : \"Output\",\r\n                  \"inherited-slot\" : null,\r\n                  \"name\" : \"ROI\",\r\n                  \"custom-name\" : null,\r\n                  \"description\" : \"The extracted ROI\",\r\n                  \"is-virtual\" : false,\r\n                  \"save-outputs\" : true,\r\n                  \"is-optional\" : false,\r\n                  \"inheritance-conversions\" : { }\r\n                },\r\n                \"Measurements\" : {\r\n                  \"slot-data-type\" : \"imagej-results-table\",\r\n                  \"slot-type\" : \"Output\",\r\n                  \"inherited-slot\" : null,\r\n                  \"name\" : \"Measurements\",\r\n                  \"custom-name\" : null,\r\n                  \"description\" : \"The measurements of the ROI\",\r\n                  \"is-virtual\" : false,\r\n                  \"save-outputs\" : true,\r\n                  \"is-optional\" : false,\r\n                  \"inheritance-conversions\" : { }\r\n                }\r\n              }\r\n            },\r\n            \"jipipe:ui-grid-location\" : {\r\n              \"\" : {\r\n                \"VerticalCompact\" : {\r\n                  \"x\" : 24,\r\n                  \"y\" : 13\r\n                }\r\n              }\r\n            },\r\n            \"jipipe:node-info-id\" : \"ij1-analyze-find-particles2d\",\r\n            \"min-particle-circularity\" : 0.0,\r\n            \"jipipe:algorithm:enabled\" : true,\r\n            \"jipipe:parallelization:enabled\" : true,\r\n            \"include-holes\" : true,\r\n            \"jipipe:node:bookmarked\" : false,\r\n            \"jipipe:algorithm:pass-through\" : false,\r\n            \"measure-in-physical-units\" : true,\r\n            \"jipipe:node:name\" : \"Find particles 2D\",\r\n            \"jipipe:node:description\" : \"<html><head></head><body></body></html>\",\r\n            \"min-particle-size\" : 0.0,\r\n            \"black-background\" : true,\r\n            \"annotation-type\" : {\r\n              \"content\" : \"Image index\",\r\n              \"enabled\" : false\r\n            },\r\n            \"neighborhood\" : \"EightConnected\",\r\n            \"max-particle-circularity\" : 1.0,\r\n            \"split-slices\" : false,\r\n            \"exclude-edges\" : false,\r\n            \"max-particle-size\" : \"Infinity\",\r\n            \"measurements\" : {\r\n              \"values\" : [ \"CenterOfMass\", \"AreaFraction\", \"PixelValueSkewness\", \"Perimeter\", \"PixelValueKurtosis\", \"PixelValueStandardDeviation\", \"StackPosition\", \"Area\", \"PixelValueMinMax\", \"PixelValueMedian\", \"PixelValueModal\", \"IntegratedDensity\", \"PixelValueMean\", \"FeretDiameter\", \"BoundingRectangle\", \"FitEllipse\", \"Centroid\", \"ShapeDescriptors\" ],\r\n              \"collapsed\" : true\r\n            },\r\n            \"jipipe:adaptive-parameters/attach-parameter-annotations\" : true,\r\n            \"jipipe:adaptive-parameters/attach-only-non-default-parameter-annotations\" : true,\r\n            \"jipipe:adaptive-parameters/parameter-annotations-prefix\" : \"\",\r\n            \"jipipe:adaptive-parameters/enabled\" : true,\r\n            \"jipipe:adaptive-parameters/overridden-parameters\" : [ ],\r\n            \"jipipe:adaptive-parameters/parameter-annotations-use-internal-names\" : false,\r\n            \"jipipe:parameter-slot-algorithm/has-parameter-slot\" : false,\r\n            \"jipipe:parameter-slot-algorithm/attach-parameter-annotations\" : true,\r\n            \"jipipe:parameter-slot-algorithm/attach-only-non-default-parameter-annotations\" : true,\r\n            \"jipipe:parameter-slot-algorithm/parameter-annotations-prefix\" : \"\",\r\n            \"jipipe:parameter-slot-algorithm/parameter-annotations-use-internal-names\" : false,\r\n            \"jipipe:data-batch-generation/limit\" : {\r\n              \"content\" : {\r\n                \"value\" : \"0-9\",\r\n                \"is-expression\" : false,\r\n                \"expression\" : {\r\n                  \"expression\" : \"MAKE_SEQUENCE(0, 10)\"\r\n                }\r\n              },\r\n              \"enabled\" : false\r\n            }\r\n          },\r\n          \"d68eb599-4a6a-42b2-b474-13da44216ec5\" : {\r\n            \"jipipe:graph-compartment\" : \"\",\r\n            \"jipipe:alias-id\" : \"auto-threshold-2d\",\r\n            \"jipipe:slot-configuration\" : {\r\n              \"input\" : {\r\n                \"Input\" : {\r\n                  \"slot-data-type\" : \"imagej-imgplus-greyscale-8u\",\r\n                  \"slot-type\" : \"Input\",\r\n                  \"inherited-slot\" : null,\r\n                  \"name\" : \"Input\",\r\n                  \"custom-name\" : null,\r\n                  \"description\" : \"\",\r\n                  \"is-virtual\" : true,\r\n                  \"save-outputs\" : true,\r\n                  \"is-optional\" : false,\r\n                  \"inheritance-conversions\" : { }\r\n                }\r\n              },\r\n              \"output\" : {\r\n                \"Output\" : {\r\n                  \"slot-data-type\" : \"imagej-imgplus-greyscale-mask\",\r\n                  \"slot-type\" : \"Output\",\r\n                  \"inherited-slot\" : \"Input\",\r\n                  \"name\" : \"Output\",\r\n                  \"custom-name\" : null,\r\n                  \"description\" : \"\",\r\n                  \"is-virtual\" : true,\r\n                  \"save-outputs\" : true,\r\n                  \"is-optional\" : false,\r\n                  \"inheritance-conversions\" : {\r\n                    \"imagej-imgplus-5d\" : \"imagej-imgplus-5d-greyscale-mask\",\r\n                    \"imagej-imgplus-5d-color-rgb\" : \"imagej-imgplus-5d-greyscale-mask\",\r\n                    \"imagej-imgplus-4d-greyscale\" : \"imagej-imgplus-4d-greyscale-mask\",\r\n                    \"imagej-imgplus-4d\" : \"imagej-imgplus-4d-greyscale-mask\",\r\n                    \"imagej-imgplus-3d-greyscale-32f\" : \"imagej-imgplus-3d-greyscale-mask\",\r\n                    \"imagej-imgplus-2d-greyscale-8u\" : \"imagej-imgplus-2d-greyscale-mask\",\r\n                    \"imagej-imgplus-4d-color-hsb\" : \"imagej-imgplus-4d-greyscale-mask\",\r\n                    \"imagej-imgplus-2d-color-rgb\" : \"imagej-imgplus-2d-greyscale-mask\",\r\n                    \"imagej-imgplus-5d-color-hsb\" : \"imagej-imgplus-5d-greyscale-mask\",\r\n                    \"imagej-imgplus-greyscale-32f\" : \"imagej-imgplus-greyscale-mask\",\r\n                    \"imagej-imgplus-3d-greyscale\" : \"imagej-imgplus-3d-greyscale-mask\",\r\n                    \"imagej-imgplus-5d-greyscale-32f\" : \"imagej-imgplus-5d-greyscale-mask\",\r\n                    \"imagej-imgplus-2d\" : \"imagej-imgplus-2d-greyscale-mask\",\r\n                    \"imagej-imgplus-greyscale-8u\" : \"imagej-imgplus-greyscale-mask\",\r\n                    \"imagej-imgplus-color-hsb\" : \"imagej-imgplus-greyscale-mask\",\r\n                    \"imagej-imgplus\" : \"imagej-imgplus-greyscale-mask\",\r\n                    \"imagej-imgplus-4d-greyscale-32f\" : \"imagej-imgplus-4d-greyscale-mask\",\r\n                    \"imagej-imgplus-greyscale-16u\" : \"imagej-imgplus-greyscale-mask\",\r\n                    \"imagej-imgplus-5d-greyscale\" : \"imagej-imgplus-5d-greyscale-mask\",\r\n                    \"imagej-imgplus-5d-greyscale-16u\" : \"imagej-imgplus-5d-greyscale-mask\",\r\n                    \"imagej-imgplus-2d-greyscale-16u\" : \"imagej-imgplus-2d-greyscale-mask\",\r\n                    \"imagej-imgplus-3d-color-hsb\" : \"imagej-imgplus-3d-greyscale-mask\",\r\n                    \"imagej-imgplus-greyscale\" : \"imagej-imgplus-greyscale-mask\",\r\n                    \"imagej-imgplus-3d-color-rgb\" : \"imagej-imgplus-3d-greyscale-mask\",\r\n                    \"imagej-imgplus-2d-greyscale\" : \"imagej-imgplus-2d-greyscale-mask\",\r\n                    \"imagej-imgplus-3d-greyscale-16u\" : \"imagej-imgplus-3d-greyscale-mask\",\r\n                    \"imagej-imgplus-5d-greyscale-8u\" : \"imagej-imgplus-5d-greyscale-mask\",\r\n                    \"imagej-imgplus-color-rgb\" : \"imagej-imgplus-greyscale-mask\",\r\n                    \"imagej-imgplus-2d-greyscale-32f\" : \"imagej-imgplus-2d-greyscale-mask\",\r\n                    \"imagej-imgplus-4d-greyscale-8u\" : \"imagej-imgplus-4d-greyscale-mask\",\r\n                    \"imagej-imgplus-3d\" : \"imagej-imgplus-3d-greyscale-mask\",\r\n                    \"imagej-imgplus-4d-color-rgb\" : \"imagej-imgplus-4d-greyscale-mask\",\r\n                    \"imagej-imgplus-2d-color-hsb\" : \"imagej-imgplus-2d-greyscale-mask\",\r\n                    \"imagej-imgplus-4d-greyscale-16u\" : \"imagej-imgplus-4d-greyscale-mask\",\r\n                    \"imagej-imgplus-3d-greyscale-8u\" : \"imagej-imgplus-3d-greyscale-mask\"\r\n                  }\r\n                }\r\n              }\r\n            },\r\n            \"jipipe:ui-grid-location\" : {\r\n              \"\" : {\r\n                \"VerticalCompact\" : {\r\n                  \"x\" : 24,\r\n                  \"y\" : 9\r\n                }\r\n              }\r\n            },\r\n            \"jipipe:node-info-id\" : \"ij1-threshold-auto2d\",\r\n            \"jipipe:algorithm:enabled\" : true,\r\n            \"method\" : \"Default\",\r\n            \"jipipe:parallelization:enabled\" : true,\r\n            \"dark-background\" : true,\r\n            \"slice-threshold-mode\" : \"ApplyPerSlice\",\r\n            \"jipipe:node:bookmarked\" : false,\r\n            \"threshold-annotation-strategy\" : \"OverwriteExisting\",\r\n            \"jipipe:algorithm:pass-through\" : false,\r\n            \"jipipe:node:name\" : \"Auto threshold 2D\",\r\n            \"jipipe:node:description\" : \"<html><head></head><body></body></html>\",\r\n            \"threshold-combine-expression\" : {\r\n              \"expression\" : \"MIN(thresholds)\"\r\n            },\r\n            \"source-area\" : \"WholeImage\",\r\n            \"threshold-annotation\" : {\r\n              \"content\" : \"Threshold\",\r\n              \"enabled\" : true\r\n            },\r\n            \"jipipe:adaptive-parameters/attach-parameter-annotations\" : true,\r\n            \"jipipe:adaptive-parameters/attach-only-non-default-parameter-annotations\" : true,\r\n            \"jipipe:adaptive-parameters/parameter-annotations-prefix\" : \"\",\r\n            \"jipipe:adaptive-parameters/enabled\" : true,\r\n            \"jipipe:adaptive-parameters/overridden-parameters\" : [ ],\r\n            \"jipipe:adaptive-parameters/parameter-annotations-use-internal-names\" : false,\r\n            \"jipipe:parameter-slot-algorithm/has-parameter-slot\" : false,\r\n            \"jipipe:parameter-slot-algorithm/attach-parameter-annotations\" : true,\r\n            \"jipipe:parameter-slot-algorithm/attach-only-non-default-parameter-annotations\" : true,\r\n            \"jipipe:parameter-slot-algorithm/parameter-annotations-prefix\" : \"\",\r\n            \"jipipe:parameter-slot-algorithm/parameter-annotations-use-internal-names\" : false,\r\n            \"jipipe:data-batch-generation/annotation-merge-strategy\" : \"Merge\",\r\n            \"jipipe:data-batch-generation/column-matching\" : \"PrefixHashUnion\",\r\n            \"jipipe:data-batch-generation/data-annotation-merge-strategy\" : \"MergeTables\",\r\n            \"jipipe:data-batch-generation/custom-matched-columns-expression\" : {\r\n              \"expression\" : \"\"\r\n            },\r\n            \"jipipe:data-batch-generation/skip-incomplete\" : false,\r\n            \"jipipe:data-batch-generation/custom-annotation-matching\" : {\r\n              \"expression\" : \"exact_match_results\"\r\n            },\r\n            \"jipipe:data-batch-generation/limit\" : {\r\n              \"content\" : {\r\n                \"value\" : \"0-9\",\r\n                \"is-expression\" : false,\r\n                \"expression\" : {\r\n                  \"expression\" : \"MAKE_SEQUENCE(0, 10)\"\r\n                }\r\n              },\r\n              \"enabled\" : false\r\n            },\r\n            \"jipipe:data-batch-generation/annotation-matching-method\" : \"ExactMatch\"\r\n          },\r\n          \"4da2af21-c833-4d93-a595-c847a4840294\" : {\r\n            \"jipipe:graph-compartment\" : \"\",\r\n            \"jipipe:alias-id\" : \"gaussian-blur-2d\",\r\n            \"jipipe:slot-configuration\" : {\r\n              \"input\" : {\r\n                \"Input\" : {\r\n                  \"slot-data-type\" : \"imagej-imgplus\",\r\n                  \"slot-type\" : \"Input\",\r\n                  \"inherited-slot\" : null,\r\n                  \"name\" : \"Input\",\r\n                  \"custom-name\" : null,\r\n                  \"description\" : \"\",\r\n                  \"is-virtual\" : true,\r\n                  \"save-outputs\" : true,\r\n                  \"is-optional\" : false,\r\n                  \"inheritance-conversions\" : { }\r\n                }\r\n              },\r\n              \"output\" : {\r\n                \"Output\" : {\r\n                  \"slot-data-type\" : \"imagej-imgplus\",\r\n                  \"slot-type\" : \"Output\",\r\n                  \"inherited-slot\" : \"Input\",\r\n                  \"name\" : \"Output\",\r\n                  \"custom-name\" : null,\r\n                  \"description\" : \"\",\r\n                  \"is-virtual\" : true,\r\n                  \"save-outputs\" : true,\r\n                  \"is-optional\" : false,\r\n                  \"inheritance-conversions\" : {\r\n                    \"imagej-imgplus-3d-greyscale-mask\" : \"imagej-imgplus-3d-greyscale-8u\",\r\n                    \"imagej-imgplus-greyscale-mask\" : \"imagej-imgplus-greyscale-8u\",\r\n                    \"imagej-imgplus-5d-greyscale-mask\" : \"imagej-imgplus-5d-greyscale-8u\",\r\n                    \"imagej-imgplus-2d-greyscale-mask\" : \"imagej-imgplus-2d-greyscale-8u\",\r\n                    \"imagej-imgplus-4d-greyscale-mask\" : \"imagej-imgplus-4d-greyscale-8u\"\r\n                  }\r\n                }\r\n              }\r\n            },\r\n            \"jipipe:ui-grid-location\" : {\r\n              \"\" : {\r\n                \"VerticalCompact\" : {\r\n                  \"x\" : 24,\r\n                  \"y\" : 5\r\n                }\r\n              }\r\n            },\r\n            \"jipipe:node-info-id\" : \"ij1-blur-gaussian2d\",\r\n            \"jipipe:algorithm:enabled\" : true,\r\n            \"jipipe:parallelization:enabled\" : true,\r\n            \"sigma-y\" : -1.0,\r\n            \"sigma-x\" : 5.0,\r\n            \"jipipe:node:bookmarked\" : false,\r\n            \"jipipe:algorithm:pass-through\" : false,\r\n            \"jipipe:node:name\" : \"Gaussian blur 2D\",\r\n            \"jipipe:node:description\" : \"<html><head></head><body></body></html>\",\r\n            \"jipipe:adaptive-parameters/attach-parameter-annotations\" : true,\r\n            \"jipipe:adaptive-parameters/attach-only-non-default-parameter-annotations\" : true,\r\n            \"jipipe:adaptive-parameters/parameter-annotations-prefix\" : \"\",\r\n            \"jipipe:adaptive-parameters/enabled\" : true,\r\n            \"jipipe:adaptive-parameters/overridden-parameters\" : [ ],\r\n            \"jipipe:adaptive-parameters/parameter-annotations-use-internal-names\" : false,\r\n            \"jipipe:parameter-slot-algorithm/has-parameter-slot\" : false,\r\n            \"jipipe:parameter-slot-algorithm/attach-parameter-annotations\" : true,\r\n            \"jipipe:parameter-slot-algorithm/attach-only-non-default-parameter-annotations\" : true,\r\n            \"jipipe:parameter-slot-algorithm/parameter-annotations-prefix\" : \"\",\r\n            \"jipipe:parameter-slot-algorithm/parameter-annotations-use-internal-names\" : false,\r\n            \"jipipe:data-batch-generation/limit\" : {\r\n              \"content\" : {\r\n                \"value\" : \"0-9\",\r\n                \"is-expression\" : false,\r\n                \"expression\" : {\r\n                  \"expression\" : \"MAKE_SEQUENCE(0, 10)\"\r\n                }\r\n              },\r\n              \"enabled\" : false\r\n            }\r\n          },\r\n          \"3666123b-a844-4d6a-a9a2-6d2f698dc1d4\" : {\r\n            \"jipipe:graph-compartment\" : \"\",\r\n            \"jipipe:alias-id\" : \"group-input\",\r\n            \"jipipe:slot-configuration\" : {\r\n              \"input\" : {\r\n                \"Input\" : {\r\n                  \"slot-data-type\" : \"imagej-imgplus\",\r\n                  \"slot-type\" : \"Input\",\r\n                  \"inherited-slot\" : null,\r\n                  \"name\" : \"Input\",\r\n                  \"custom-name\" : null,\r\n                  \"description\" : \"\",\r\n                  \"is-virtual\" : true,\r\n                  \"save-outputs\" : true,\r\n                  \"is-optional\" : false,\r\n                  \"inheritance-conversions\" : { }\r\n                }\r\n              },\r\n              \"output\" : {\r\n                \"Input\" : {\r\n                  \"slot-data-type\" : \"imagej-imgplus\",\r\n                  \"slot-type\" : \"Output\",\r\n                  \"inherited-slot\" : null,\r\n                  \"name\" : \"Input\",\r\n                  \"custom-name\" : null,\r\n                  \"description\" : null,\r\n                  \"is-virtual\" : true,\r\n                  \"save-outputs\" : true,\r\n                  \"is-optional\" : false,\r\n                  \"inheritance-conversions\" : { }\r\n                }\r\n              }\r\n            },\r\n            \"jipipe:ui-grid-location\" : {\r\n              \"\" : {\r\n                \"VerticalCompact\" : {\r\n                  \"x\" : 24,\r\n                  \"y\" : 0\r\n                }\r\n              }\r\n            },\r\n            \"jipipe:node-info-id\" : \"graph-wrapper:input\",\r\n            \"jipipe:algorithm:enabled\" : true,\r\n            \"jipipe:node:bookmarked\" : false,\r\n            \"jipipe:algorithm:pass-through\" : false,\r\n            \"jipipe:node:name\" : \"Group input\",\r\n            \"jipipe:node:description\" : \"<html><head></head><body></body></html>\"\r\n          },\r\n          \"f84bd591-c522-4d8f-8c2b-e93bd668decb\" : {\r\n            \"jipipe:graph-compartment\" : \"\",\r\n            \"jipipe:alias-id\" : \"group-output\",\r\n            \"jipipe:slot-configuration\" : {\r\n              \"input\" : {\r\n                \"ROI\" : {\r\n                  \"slot-data-type\" : \"imagej-roi\",\r\n                  \"slot-type\" : \"Input\",\r\n                  \"inherited-slot\" : null,\r\n                  \"name\" : \"ROI\",\r\n                  \"custom-name\" : null,\r\n                  \"description\" : \"\",\r\n                  \"is-virtual\" : false,\r\n                  \"save-outputs\" : true,\r\n                  \"is-optional\" : false,\r\n                  \"inheritance-conversions\" : { }\r\n                },\r\n                \"Measurements\" : {\r\n                  \"slot-data-type\" : \"imagej-results-table\",\r\n                  \"slot-type\" : \"Input\",\r\n                  \"inherited-slot\" : null,\r\n                  \"name\" : \"Measurements\",\r\n                  \"custom-name\" : null,\r\n                  \"description\" : \"\",\r\n                  \"is-virtual\" : false,\r\n                  \"save-outputs\" : true,\r\n                  \"is-optional\" : false,\r\n                  \"inheritance-conversions\" : { }\r\n                }\r\n              },\r\n              \"output\" : {\r\n                \"ROI\" : {\r\n                  \"slot-data-type\" : \"imagej-roi\",\r\n                  \"slot-type\" : \"Output\",\r\n                  \"inherited-slot\" : null,\r\n                  \"name\" : \"ROI\",\r\n                  \"custom-name\" : null,\r\n                  \"description\" : null,\r\n                  \"is-virtual\" : false,\r\n                  \"save-outputs\" : true,\r\n                  \"is-optional\" : false,\r\n                  \"inheritance-conversions\" : { }\r\n                },\r\n                \"Measurements\" : {\r\n                  \"slot-data-type\" : \"imagej-results-table\",\r\n                  \"slot-type\" : \"Output\",\r\n                  \"inherited-slot\" : null,\r\n                  \"name\" : \"Measurements\",\r\n                  \"custom-name\" : null,\r\n                  \"description\" : null,\r\n                  \"is-virtual\" : false,\r\n                  \"save-outputs\" : true,\r\n                  \"is-optional\" : false,\r\n                  \"inheritance-conversions\" : { }\r\n                }\r\n              }\r\n            },\r\n            \"jipipe:ui-grid-location\" : {\r\n              \"\" : {\r\n                \"VerticalCompact\" : {\r\n                  \"x\" : 24,\r\n                  \"y\" : 18\r\n                }\r\n              }\r\n            },\r\n            \"jipipe:node-info-id\" : \"graph-wrapper:output\",\r\n            \"jipipe:algorithm:enabled\" : true,\r\n            \"jipipe:node:bookmarked\" : false,\r\n            \"jipipe:algorithm:pass-through\" : false,\r\n            \"jipipe:node:name\" : \"Group output\",\r\n            \"jipipe:node:description\" : \"<html><head></head><body></body></html>\"\r\n          }\r\n        },\r\n        \"edges\" : [ {\r\n          \"source-node\" : \"a10223df-60a7-49e5-a5b2-0427d418770b\",\r\n          \"target-node\" : \"f84bd591-c522-4d8f-8c2b-e93bd668decb\",\r\n          \"source-slot\" : \"ROI\",\r\n          \"target-slot\" : \"ROI\",\r\n          \"metadata\" : {\r\n            \"ui-hidden\" : false,\r\n            \"ui-shape\" : \"Elbow\"\r\n          }\r\n        }, {\r\n          \"source-node\" : \"d68eb599-4a6a-42b2-b474-13da44216ec5\",\r\n          \"target-node\" : \"a10223df-60a7-49e5-a5b2-0427d418770b\",\r\n          \"source-slot\" : \"Output\",\r\n          \"target-slot\" : \"Mask\",\r\n          \"metadata\" : {\r\n            \"ui-hidden\" : false,\r\n            \"ui-shape\" : \"Elbow\"\r\n          }\r\n        }, {\r\n          \"source-node\" : \"a10223df-60a7-49e5-a5b2-0427d418770b\",\r\n          \"target-node\" : \"f84bd591-c522-4d8f-8c2b-e93bd668decb\",\r\n          \"source-slot\" : \"Measurements\",\r\n          \"target-slot\" : \"Measurements\",\r\n          \"metadata\" : {\r\n            \"ui-hidden\" : false,\r\n            \"ui-shape\" : \"Elbow\"\r\n          }\r\n        }, {\r\n          \"source-node\" : \"4da2af21-c833-4d93-a595-c847a4840294\",\r\n          \"target-node\" : \"d68eb599-4a6a-42b2-b474-13da44216ec5\",\r\n          \"source-slot\" : \"Output\",\r\n          \"target-slot\" : \"Input\",\r\n          \"metadata\" : {\r\n            \"ui-hidden\" : false,\r\n            \"ui-shape\" : \"Elbow\"\r\n          }\r\n        }, {\r\n          \"source-node\" : \"3666123b-a844-4d6a-a9a2-6d2f698dc1d4\",\r\n          \"target-node\" : \"4da2af21-c833-4d93-a595-c847a4840294\",\r\n          \"source-slot\" : \"Input\",\r\n          \"target-slot\" : \"Input\",\r\n          \"metadata\" : {\r\n            \"ui-hidden\" : false,\r\n            \"ui-shape\" : \"Elbow\"\r\n          }\r\n        } ]\r\n      },\r\n      \"jipipe:node:bookmarked\" : false,\r\n      \"jipipe:algorithm:pass-through\" : false,\r\n      \"jipipe:node:name\" : \"Basic blob finder\",\r\n      \"iteration-mode\" : \"PassThrough\",\r\n      \"jipipe:node:description\" : \"<html>\\n  <head>\\n    \\n  </head>\\n  <body>\\n    <p>\\n      Segmentation of bright/on/dark circular object, e.g. blobs or nuclei. \\n      Parameters accessible include the smoothing radius of Gaussian blur, \\n      thresholding method, and particle finder rnages of siye and circularity.\\n    </p>\\n  </body>\\n</html>\\n\",\r\n      \"jipipe:data-batch-generation/annotation-merge-strategy\" : \"Merge\",\r\n      \"jipipe:data-batch-generation/column-matching\" : \"PrefixHashUnion\",\r\n      \"jipipe:data-batch-generation/data-annotation-merge-strategy\" : \"MergeTables\",\r\n      \"jipipe:data-batch-generation/custom-matched-columns-expression\" : {\r\n        \"expression\" : \"\"\r\n      },\r\n      \"jipipe:data-batch-generation/skip-incomplete\" : false,\r\n      \"jipipe:data-batch-generation/custom-annotation-matching\" : {\r\n        \"expression\" : \"exact_match_results\"\r\n      },\r\n      \"jipipe:data-batch-generation/limit\" : {\r\n        \"content\" : {\r\n          \"value\" : \"0-9\",\r\n          \"is-expression\" : false,\r\n          \"expression\" : {\r\n            \"expression\" : \"MAKE_SEQUENCE(0, 10)\"\r\n          }\r\n        },\r\n        \"enabled\" : false\r\n      },\r\n      \"jipipe:data-batch-generation/annotation-matching-method\" : \"ExactMatch\"\r\n    }\r\n  },\r\n  \"edges\" : [ ]\r\n}",
  "fill-color" : "#E6DECF",
  "border-color" : "#807B73"
} ]